{"train_loss": 7.850473403930664, "train_acc1": 4.296875, "train_acc5": 8.984375, "_step": 549, "_runtime": 93, "_timestamp": 1608339404, "val_loss": 6.289371967315674, "val_acc1": 23.273027420043945, "val_acc5": 49.58881759643555, "epoch": 2}