{"train_loss": 7.934649467468262, "train_acc1": 3.515625, "train_acc5": 8.984375, "_step": 349, "_runtime": 63, "_timestamp": 1608339374, "val_loss": 6.84303617477417, "val_acc1": 9.827302932739258, "val_acc5": 26.3157901763916, "epoch": 1}