{"train_loss": 7.817878723144531, "train_acc1": 4.296875, "train_acc5": 13.28125, "_step": 749, "_runtime": 122, "_timestamp": 1608339433, "val_loss": 6.017862319946289, "val_acc1": 48.766448974609375, "val_acc5": 80.71546173095703, "epoch": 3}